name,pkg,bench,iters,ns_per_op,bytes_per_op,allocs_per_op,mb_per_s
mlist/BenchmarkPushPop_MList/n=1024-8,mlist,BenchmarkPushPop_MList/n=1024-8,11416015,106.8,40,2,
mlist/BenchmarkPushPop_MList/n=4096-8,mlist,BenchmarkPushPop_MList/n=4096-8,10133422,108.4,40,2,
mlist/BenchmarkPushPop_MList/n=16384-8,mlist,BenchmarkPushPop_MList/n=16384-8,10320294,115.1,40,2,
mlist/BenchmarkPushPop_MList/n=65536-8,mlist,BenchmarkPushPop_MList/n=65536-8,11959618,115.4,40,2,
mlist/BenchmarkPushPop_Slice/n=1024-8,mlist,BenchmarkPushPop_Slice/n=1024-8,670625277,1.870,0,0,
mlist/BenchmarkPushPop_Slice/n=4096-8,mlist,BenchmarkPushPop_Slice/n=4096-8,693984771,2.034,0,0,
mlist/BenchmarkPushPop_Slice/n=16384-8,mlist,BenchmarkPushPop_Slice/n=16384-8,521765808,2.023,0,0,
mlist/BenchmarkPushPop_Slice/n=65536-8,mlist,BenchmarkPushPop_Slice/n=65536-8,632233604,2.016,0,0,
mlist/BenchmarkPushPop_ContainerList/n=1024-8,mlist,BenchmarkPushPop_ContainerList/n=1024-8,10859700,117.5,56,1,
mlist/BenchmarkPushPop_ContainerList/n=4096-8,mlist,BenchmarkPushPop_ContainerList/n=4096-8,10249606,160.7,56,1,
mlist/BenchmarkPushPop_ContainerList/n=16384-8,mlist,BenchmarkPushPop_ContainerList/n=16384-8,5236104,245.4,55,1,
mlist/BenchmarkPushPop_ContainerList/n=65536-8,mlist,BenchmarkPushPop_ContainerList/n=65536-8,4961848,234.9,55,1,
mlist/BenchmarkGetRandom_MList/n=1024-8,mlist,BenchmarkGetRandom_MList/n=1024-8,100000000,10.96,0,0,
mlist/BenchmarkGetRandom_MList/n=4096-8,mlist,BenchmarkGetRandom_MList/n=4096-8,90483502,11.85,0,0,
mlist/BenchmarkGetRandom_MList/n=16384-8,mlist,BenchmarkGetRandom_MList/n=16384-8,130308650,9.094,0,0,
mlist/BenchmarkGetRandom_MList/n=65536-8,mlist,BenchmarkGetRandom_MList/n=65536-8,131777259,9.242,0,0,
mlist/BenchmarkGetRandom_Slice/n=1024-8,mlist,BenchmarkGetRandom_Slice/n=1024-8,900189156,1.249,0,0,
mlist/BenchmarkGetRandom_Slice/n=4096-8,mlist,BenchmarkGetRandom_Slice/n=4096-8,950322684,1.054,0,0,
mlist/BenchmarkGetRandom_Slice/n=16384-8,mlist,BenchmarkGetRandom_Slice/n=16384-8,1000000000,1.211,0,0,
mlist/BenchmarkGetRandom_Slice/n=65536-8,mlist,BenchmarkGetRandom_Slice/n=65536-8,924147192,1.128,0,0,
mlist/BenchmarkGetRandom_ContainerList/n=1024-8,mlist,BenchmarkGetRandom_ContainerList/n=1024-8,703663,1578,0,0,
mlist/BenchmarkGetRandom_ContainerList/n=4096-8,mlist,BenchmarkGetRandom_ContainerList/n=4096-8,162517,7489,0,0,
mlist/BenchmarkGetRandom_ContainerList/n=16384-8,mlist,BenchmarkGetRandom_ContainerList/n=16384-8,32785,36085,0,0,
mlist/BenchmarkGetRandom_ContainerList/n=65536-8,mlist,BenchmarkGetRandom_ContainerList/n=65536-8,6378,182348,0,0,
pflist/BenchmarkPushPop_PFList/n=1024-8,pflist,BenchmarkPushPop_PFList/n=1024-8,10871630,95.51,40,2,
pflist/BenchmarkPushPop_PFList/n=4096-8,pflist,BenchmarkPushPop_PFList/n=4096-8,12432303,98.72,40,2,
pflist/BenchmarkPushPop_PFList/n=16384-8,pflist,BenchmarkPushPop_PFList/n=16384-8,11359069,100.0,40,2,
pflist/BenchmarkPushPop_PFList/n=65536-8,pflist,BenchmarkPushPop_PFList/n=65536-8,12611809,94.79,40,2,
pflist/BenchmarkPushPop_Slice/n=1024-8,pflist,BenchmarkPushPop_Slice/n=1024-8,797594931,1.609,0,0,
pflist/BenchmarkPushPop_Slice/n=4096-8,pflist,BenchmarkPushPop_Slice/n=4096-8,712211533,1.595,0,0,
pflist/BenchmarkPushPop_Slice/n=16384-8,pflist,BenchmarkPushPop_Slice/n=16384-8,759774176,1.624,0,0,
pflist/BenchmarkPushPop_Slice/n=65536-8,pflist,BenchmarkPushPop_Slice/n=65536-8,608789041,2.083,0,0,
pflist/BenchmarkPushPop_ContainerList/n=1024-8,pflist,BenchmarkPushPop_ContainerList/n=1024-8,9097852,128.3,56,1,
pflist/BenchmarkPushPop_ContainerList/n=4096-8,pflist,BenchmarkPushPop_ContainerList/n=4096-8,9985512,111.3,56,1,
pflist/BenchmarkPushPop_ContainerList/n=16384-8,pflist,BenchmarkPushPop_ContainerList/n=16384-8,7173098,181.1,56,1,
pflist/BenchmarkPushPop_ContainerList/n=65536-8,pflist,BenchmarkPushPop_ContainerList/n=65536-8,5651319,215.5,55,1,
pflist/BenchmarkGetRandom_PFList/n=1024-8,pflist,BenchmarkGetRandom_PFList/n=1024-8,100000000,11.27,0,0,
pflist/BenchmarkGetRandom_PFList/n=4096-8,pflist,BenchmarkGetRandom_PFList/n=4096-8,92014195,13.01,0,0,
pflist/BenchmarkGetRandom_PFList/n=16384-8,pflist,BenchmarkGetRandom_PFList/n=16384-8,100000000,13.99,0,0,
pflist/BenchmarkGetRandom_PFList/n=65536-8,pflist,BenchmarkGetRandom_PFList/n=65536-8,91972875,11.50,0,0,
pflist/BenchmarkBranching_PFList/n=1024-8,pflist,BenchmarkBranching_PFList/n=1024-8,9842,101795,36864,1024,
pflist/BenchmarkBranching_PFList/n=4096-8,pflist,BenchmarkBranching_PFList/n=4096-8,10000,109499,36864,1024,
pflist/BenchmarkBranching_PFList/n=16384-8,pflist,BenchmarkBranching_PFList/n=16384-8,10000,103135,36864,1024,
pflist/BenchmarkBranching_PFList/n=65536-8,pflist,BenchmarkBranching_PFList/n=65536-8,10000,101040,36864,1024,
pflist/BenchmarkBranching_SliceCopy/n=1024-8,pflist,BenchmarkBranching_SliceCopy/n=1024-8,52888,20672,40960,4,
pflist/BenchmarkBranching_SliceCopy/n=4096-8,pflist,BenchmarkBranching_SliceCopy/n=4096-8,18258,55729,163841,4,
pflist/BenchmarkBranching_SliceCopy/n=16384-8,pflist,BenchmarkBranching_SliceCopy/n=16384-8,8974,163116,606212,4,
pflist/BenchmarkBranching_SliceCopy/n=65536-8,pflist,BenchmarkBranching_SliceCopy/n=65536-8,1914,552455,2375692,4,
marray/BenchmarkMArrayPush/n=10-8,marray,BenchmarkMArrayPush/n=10-8,826989,1317,504,20,
marray/BenchmarkMArrayPush/n=100-8,marray,BenchmarkMArrayPush/n=100-8,76938,16818,6208,200,
marray/BenchmarkMArrayPush/n=1000-8,marray,BenchmarkMArrayPush/n=1000-8,9213,127806,72480,2000,
marray/BenchmarkMArrayPush/n=10000-8,marray,BenchmarkMArrayPush/n=10000-8,961,1325849,893831,20000,
marray/BenchmarkMArrayPop/n=10-8,marray,BenchmarkMArrayPop/n=10-8,510279,2984,192,8,
marray/BenchmarkMArrayPop/n=100-8,marray,BenchmarkMArrayPop/n=100-8,173032,9247,1200,26,
marray/BenchmarkMArrayPop/n=1000-8,marray,BenchmarkMArrayPop/n=1000-8,30072,37691,9170,76,
marray/BenchmarkMArrayPop/n=10000-8,marray,BenchmarkMArrayPop/n=10000-8,5091,245001,81552,91,
marray/BenchmarkMArrayGet/Front_n=10-8,marray,BenchmarkMArrayGet/Front_n=10-8,49986122,38.25,0,0,
marray/BenchmarkMArrayGet/Middle_n=10-8,marray,BenchmarkMArrayGet/Middle_n=10-8,62964291,40.34,0,0,
marray/BenchmarkMArrayGet/Back_n=10-8,marray,BenchmarkMArrayGet/Back_n=10-8,36058623,43.58,0,0,
marray/BenchmarkMArrayGet/Front_n=100-8,marray,BenchmarkMArrayGet/Front_n=100-8,39785229,35.87,0,0,
marray/BenchmarkMArrayGet/Middle_n=100-8,marray,BenchmarkMArrayGet/Middle_n=100-8,27545725,37.64,0,0,
marray/BenchmarkMArrayGet/Back_n=100-8,marray,BenchmarkMArrayGet/Back_n=100-8,43557109,35.29,0,0,
marray/BenchmarkMArrayGet/Front_n=1000-8,marray,BenchmarkMArrayGet/Front_n=1000-8,66053953,34.35,0,0,
marray/BenchmarkMArrayGet/Middle_n=1000-8,marray,BenchmarkMArrayGet/Middle_n=1000-8,67204929,19.34,0,0,
marray/BenchmarkMArrayGet/Back_n=1000-8,marray,BenchmarkMArrayGet/Back_n=1000-8,47856819,28.86,0,0,
marray/BenchmarkMArrayGet/Front_n=10000-8,marray,BenchmarkMArrayGet/Front_n=10000-8,77035128,26.15,0,0,
marray/BenchmarkMArrayGet/Middle_n=10000-8,marray,BenchmarkMArrayGet/Middle_n=10000-8,54026492,20.14,0,0,
marray/BenchmarkMArrayGet/Back_n=10000-8,marray,BenchmarkMArrayGet/Back_n=10000-8,61754881,26.95,0,0,
marray/BenchmarkMArrayIteration/n=10-8,marray,BenchmarkMArrayIteration/n=10-8,6294884,284.7,0,0,
marray/BenchmarkMArrayIteration/n=100-8,marray,BenchmarkMArrayIteration/n=100-8,546171,2477,0,0,
marray/BenchmarkMArrayIteration/n=1000-8,marray,BenchmarkMArrayIteration/n=1000-8,56233,28122,0,0,
marray/BenchmarkMArrayIteration/n=10000-8,marray,BenchmarkMArrayIteration/n=10000-8,10000,185173,0,0,
pfqueue/BenchmarkPFQueuePushFront/n=10-8,pfqueue,BenchmarkPFQueuePushFront/n=10-8,336241,3638,504,20,
pfqueue/BenchmarkPFQueuePushFront/n=100-8,pfqueue,BenchmarkPFQueuePushFront/n=100-8,36552,37104,6208,200,
pfqueue/BenchmarkPFQueuePushFront/n=1000-8,pfqueue,BenchmarkPFQueuePushFront/n=1000-8,3748,399593,72480,2000,
pfqueue/BenchmarkPFQueuePushFront/n=10000-8,pfqueue,BenchmarkPFQueuePushFront/n=10000-8,309,5707793,893831,20000,
pfqueue/BenchmarkPFQueuePopBack/n=10-8,pfqueue,BenchmarkPFQueuePopBack/n=10-8,10000,466252,152,6,
pfqueue/BenchmarkPFQueuePopBack/n=100-8,pfqueue,BenchmarkPFQueuePopBack/n=100-8,10000,4930626,696,12,
pfqueue/BenchmarkPFQueuePopBack/n=1000-8,pfqueue,BenchmarkPFQueuePopBack/n=1000-8,10000,51939601,4381,18,
pfqueue/BenchmarkPFQueuePopBack/n=10000-8,pfqueue,BenchmarkPFQueuePopBack/n=10000-8,3537,20743342,66063,29,
pfdeque/BenchmarkPFDequePushFront/n=10-8,pfdeque,BenchmarkPFDequePushFront/n=10-8,702969,1775,504,20,
pfdeque/BenchmarkPFDequePushFront/n=100-8,pfdeque,BenchmarkPFDequePushFront/n=100-8,72541,17207,6208,200,
pfdeque/BenchmarkPFDequePushFront/n=1000-8,pfdeque,BenchmarkPFDequePushFront/n=1000-8,5848,203771,72480,2000,
pfdeque/BenchmarkPFDequePushFront/n=10000-8,pfdeque,BenchmarkPFDequePushFront/n=10000-8,610,2061070,893831,20000,
pfdeque/BenchmarkPFDequePushBack/n=10-8,pfdeque,BenchmarkPFDequePushBack/n=10-8,546334,2024,504,20,
pfdeque/BenchmarkPFDequePushBack/n=100-8,pfdeque,BenchmarkPFDequePushBack/n=100-8,67324,22333,6208,200,
pfdeque/BenchmarkPFDequePushBack/n=1000-8,pfdeque,BenchmarkPFDequePushBack/n=1000-8,5092,286440,72480,2000,
pfdeque/BenchmarkPFDequePushBack/n=10000-8,pfdeque,BenchmarkPFDequePushBack/n=10000-8,319,3410026,893830,20000,
pfdeque/BenchmarkPFDequePopFront/n=10-8,pfdeque,BenchmarkPFDequePopFront/n=10-8,799501,1840,192,8,
pfdeque/BenchmarkPFDequePopFront/n=100-8,pfdeque,BenchmarkPFDequePopFront/n=100-8,73941,15123,1192,26,
pfdeque/BenchmarkPFDequePopFront/n=1000-8,pfdeque,BenchmarkPFDequePopFront/n=1000-8,10000,129419,9168,76,
pfdeque/BenchmarkPFDequePopFront/n=10000-8,pfdeque,BenchmarkPFDequePopFront/n=10000-8,1318,1162974,81369,88,
pfdeque/BenchmarkPFDequePopBack/n=10-8,pfdeque,BenchmarkPFDequePopBack/n=10-8,10000,428912,152,6,
pfdeque/BenchmarkPFDequePopBack/n=100-8,pfdeque,BenchmarkPFDequePopBack/n=100-8,10000,3888797,696,12,
pfdeque/BenchmarkPFDequePopBack/n=1000-8,pfdeque,BenchmarkPFDequePopBack/n=1000-8,10000,23065674,4381,18,
pfdeque/BenchmarkPFDequePopBack/n=10000-8,pfdeque,BenchmarkPFDequePopBack/n=10000-8,2410,5372312,66118,31,
